,OTitle,Title,Body,Link,Date,Type,PDate,Combined_Text,PText,PTitle
0,The Only Free Course You Need To Become a Professional Data Engineer,course need become professional engineer,engineering zoomcamp offers access reading materials video tutorials assignments homeworks projects workshops,https://www.kdnuggets.com/the-only-free-course-you-need-to-become-a-professional-data-engineer?utm_source=rss&utm_medium=rss&utm_campaign=the-only-free-course-you-need-to-become-a-professional-data-engineer,"Fri, 26 Jan 2024 15:00:48 +0000",blog,20240128,course need become professional engineer engineering zoomcamp offers access reading materials video tutorials assignments homeworks projects workshops,"['course', 'need', 'become', 'professional', 'engineer', 'engineering', 'zoomcamp', 'offers', 'access', 'reading', 'materials', 'video', 'tutorials', 'assignments', 'homeworks', 'projects', 'workshops']","['course', 'need', 'become', 'professional', 'engineer']"
1,SQL Simplified: Crafting Modular and Understandable Queries with CTEs,sql simplified crafting modular understandable queries ctes,,https://www.kdnuggets.com/sql-simplified-crafting-modular-and-understandable-queries-with-ctes?utm_source=rss&utm_medium=rss&utm_campaign=sql-simplified-crafting-modular-and-understandable-queries-with-ctes,"Fri, 26 Jan 2024 13:00:11 +0000",blog,20240128,sql simplified crafting modular understandable queries ctes ,"['sql', 'simplified', 'crafting', 'modular', 'understandable', 'queries', 'ctes']","['sql', 'simplified', 'crafting', 'modular', 'understandable', 'queries', 'ctes']"
2,Leveraging AI to Design Fair and Equitable EV Charging Grids,leveraging ai design fair equitable ev charging grids,,https://www.kdnuggets.com/leveraging-ai-to-design-fair-and-equitable-ev-charging-grids?utm_source=rss&utm_medium=rss&utm_campaign=leveraging-ai-to-design-fair-and-equitable-ev-charging-grids,"Thu, 25 Jan 2024 15:00:41 +0000",blog,20240128,leveraging ai design fair equitable ev charging grids ,"['leveraging', 'ai', 'design', 'fair', 'equitable', 'ev', 'charging', 'grids']","['leveraging', 'ai', 'design', 'fair', 'equitable', 'ev', 'charging', 'grids']"
3,10 Advanced Git Techniques,10 advanced git techniques,,https://www.kdnuggets.com/10-advanced-git-techniques?utm_source=rss&utm_medium=rss&utm_campaign=10-advanced-git-techniques,"Thu, 25 Jan 2024 13:00:04 +0000",blog,20240128,10 advanced git techniques ,"['10', 'advanced', 'git', 'techniques']","['10', 'advanced', 'git', 'techniques']"
4,Supercharge Your AI Journey! Join Uplimit’s Free Building AI Products using OpenAI Course,supercharge ai journey join uplimits building ai products openai course,,https://www.kdnuggets.com/2024/01/uplimit-supercharge-your-ai-journey-openai-course?utm_source=rss&utm_medium=rss&utm_campaign=supercharge-your-ai-journey-join-uplimits-free-building-ai-products-using-openai-course,"Thu, 25 Jan 2024 01:48:48 +0000",blog,20240128,supercharge ai journey join uplimits building ai products openai course ,"['supercharge', 'ai', 'journey', 'join', 'uplimits', 'building', 'ai', 'products', 'openai', 'course']","['supercharge', 'ai', 'journey', 'join', 'uplimits', 'building', 'ai', 'products', 'openai', 'course']"
5,How Generative AI Can Help You Improve Your Data Visualization Charts,generative ai improve visualization charts,,https://www.kdnuggets.com/how-generative-ai-can-help-you-improve-your-data-visualization-charts?utm_source=rss&utm_medium=rss&utm_campaign=how-generative-ai-can-help-you-improve-your-data-visualization-charts,"Wed, 24 Jan 2024 15:00:50 +0000",blog,20240128,generative ai improve visualization charts ,"['generative', 'ai', 'improve', 'visualization', 'charts']","['generative', 'ai', 'improve', 'visualization', 'charts']"
6,8 Free Google Courses to Land Top Paying Jobs,8 google land top paying jobs,,https://www.kdnuggets.com/8-free-google-courses-to-land-top-paying-jobs?utm_source=rss&utm_medium=rss&utm_campaign=8-free-google-courses-to-land-top-paying-jobs,"Wed, 24 Jan 2024 13:00:41 +0000",blog,20240128,8 google land top paying jobs ,"['8', 'google', 'land', 'top', 'paying', 'jobs']","['8', 'google', 'land', 'top', 'paying', 'jobs']"
7,"KDnuggets News, January 24: 5 Free University Courses to Learn Data Science • Convert Unstructured Data into Structured Insights with LLMs",kdnuggets news january 24 5 university learn convert unstructured structured insights llms,,https://www.kdnuggets.com/newsletter-n03-2024-01-24?utm_source=rss&utm_medium=rss&utm_campaign=kdnuggets-news-january-24-5-free-university-courses-to-learn-data-science-convert-unstructured-data-into-structured-insights-with-llms,"Tue, 23 Jan 2024 19:26:45 +0000",blog,20240128,kdnuggets news january 24 5 university learn convert unstructured structured insights llms ,"['kdnuggets', 'news', 'january', '24', '5', 'university', 'learn', 'convert', 'unstructured', 'structured', 'insights', 'llms']","['kdnuggets', 'news', 'january', '24', '5', 'university', 'learn', 'convert', 'unstructured', 'structured', 'insights', 'llms']"
8,Powering Up with Predictive GenAI,powering predictive genai,,https://www.kdnuggets.com/2024/01/pecan-powering-predictive-genai?utm_source=rss&utm_medium=rss&utm_campaign=powering-up-with-predictive-genai,"Tue, 23 Jan 2024 18:00:13 +0000",blog,20240128,powering predictive genai ,"['powering', 'predictive', 'genai']","['powering', 'predictive', 'genai']"
9,7 Steps to Landing Your First Data Science Job,7 steps landing first job,want make successful career switch concepts cracking interviews read guide move one step closer first job,https://www.kdnuggets.com/7-steps-to-landing-your-first-data-science-job?utm_source=rss&utm_medium=rss&utm_campaign=7-steps-to-landing-your-first-data-science-job,"Tue, 23 Jan 2024 17:00:30 +0000",blog,20240128,7 steps landing first job want make successful career switch concepts cracking interviews read guide move one step closer first job,"['7', 'steps', 'landing', 'first', 'job', 'want', 'make', 'successful', 'career', 'switch', 'concepts', 'cracking', 'interviews', 'read', 'guide', 'move', 'one', 'step', 'closer', 'first', 'job']","['7', 'steps', 'landing', 'first', 'job']"
10,Top 16 Technical Data Sources for Advanced Data Science Projects,top 16 technical sources advanced projects,,https://www.kdnuggets.com/top-16-technical-data-sources-for-advanced-data-science-projects?utm_source=rss&utm_medium=rss&utm_campaign=top-16-technical-data-sources-for-advanced-data-science-projects,"Tue, 23 Jan 2024 15:00:58 +0000",blog,20240128,top 16 technical sources advanced projects ,"['top', '16', 'technical', 'sources', 'advanced', 'projects']","['top', '16', 'technical', 'sources', 'advanced', 'projects']"
11,AI Prompt Engineers are Making $300k/y,ai prompt engineers making 300ky,,https://www.kdnuggets.com/ai-prompt-engineers-are-making-300ky?utm_source=rss&utm_medium=rss&utm_campaign=ai-prompt-engineers-are-making-300k-y,"Tue, 23 Jan 2024 13:00:24 +0000",blog,20240128,ai prompt engineers making 300ky ,"['ai', 'prompt', 'engineers', 'making', '300ky']","['ai', 'prompt', 'engineers', 'making', '300ky']"
12,3 Crucial Challenges in Conversational AI Development and How to Avoid Them,3 crucial challenges conversational ai development avoid,developing conversational ai chatbot requires substantial effort however understanding addressing key challenges natural language understanding streamline development process,https://www.kdnuggets.com/3-crucial-challenges-in-conversational-ai-development-and-how-to-avoid-them?utm_source=rss&utm_medium=rss&utm_campaign=3-crucial-challenges-in-conversational-ai-development-and-how-to-avoid-them,"Mon, 22 Jan 2024 17:00:44 +0000",blog,20240128,3 crucial challenges conversational ai development avoid developing conversational ai chatbot requires substantial effort however understanding addressing key challenges natural language understanding streamline development process,"['3', 'crucial', 'challenges', 'conversational', 'ai', 'development', 'avoid', 'developing', 'conversational', 'ai', 'chatbot', 'requires', 'substantial', 'effort', 'however', 'understanding', 'addressing', 'key', 'challenges', 'natural', 'language', 'understanding', 'streamline', 'development', 'process']","['3', 'crucial', 'challenges', 'conversational', 'ai', 'development', 'avoid']"
13,3 Interesting Uses of Python’s Context Managers,3 interesting uses context managers,,https://www.kdnuggets.com/3-interesting-uses-of-python-context-managers?utm_source=rss&utm_medium=rss&utm_campaign=3-interesting-uses-of-pythons-context-managers,"Mon, 22 Jan 2024 15:00:07 +0000",blog,20240128,3 interesting uses context managers ,"['3', 'interesting', 'uses', 'context', 'managers']","['3', 'interesting', 'uses', 'context', 'managers']"
14,Exploring the Zephyr 7B: A Comprehensive Guide to the Latest Large Language Model,exploring zephyr 7b comprehensive guide latest large language,zephyr series large language released hugging face trained distilled supervised finetuning dsft larger significantly improved accuracy,https://www.kdnuggets.com/exploring-the-zephyr-7b-a-comprehensive-guide-to-the-latest-large-language-model?utm_source=rss&utm_medium=rss&utm_campaign=exploring-the-zephyr-7b-a-comprehensive-guide-to-the-latest-large-language-model,"Mon, 22 Jan 2024 13:00:22 +0000",blog,20240128,exploring zephyr 7b comprehensive guide latest large language zephyr series large language released hugging face trained distilled supervised finetuning dsft larger significantly improved accuracy,"['exploring', 'zephyr', '7b', 'comprehensive', 'guide', 'latest', 'large', 'language', 'zephyr', 'series', 'large', 'language', 'released', 'hugging', 'face', 'trained', 'distilled', 'supervised', 'finetuning', 'dsft', 'larger', 'significantly', 'improved', 'accuracy']","['exploring', 'zephyr', '7b', 'comprehensive', 'guide', 'latest', 'large', 'language']"
15,Enroll in a Data Science Undergraduate Program For Free,enroll undergraduate program,,https://www.kdnuggets.com/enroll-in-a-data-science-undergraduate-program-for-free?utm_source=rss&utm_medium=rss&utm_campaign=enroll-in-a-data-science-undergraduate-program-for-free,"Fri, 19 Jan 2024 15:00:05 +0000",blog,20240128,enroll undergraduate program ,"['enroll', 'undergraduate', 'program']","['enroll', 'undergraduate', 'program']"
16,5 Super Helpful SQL Cheat Sheets You Can’t Miss!,5 super ful sql cheat sheets cant miss,,https://www.kdnuggets.com/5-super-helpful-sql-cheat-sheets-you-cant-miss?utm_source=rss&utm_medium=rss&utm_campaign=5-super-helpful-sql-cheat-sheets-you-cant-miss,"Fri, 19 Jan 2024 13:00:54 +0000",blog,20240128,5 super ful sql cheat sheets cant miss ,"['5', 'super', 'ful', 'sql', 'cheat', 'sheets', 'cant', 'miss']","['5', 'super', 'ful', 'sql', 'cheat', 'sheets', 'cant', 'miss']"
17,5 Ways of Converting Unstructured Data into Structured Insights with LLMs,5 ways converting unstructured structured insights llms,,https://www.kdnuggets.com/5-ways-of-converting-unstructured-data-into-structured-insights-with-llms?utm_source=rss&utm_medium=rss&utm_campaign=5-ways-of-converting-unstructured-data-into-structured-insights-with-llms,"Thu, 18 Jan 2024 15:00:09 +0000",blog,20240128,5 ways converting unstructured structured insights llms ,"['5', 'ways', 'converting', 'unstructured', 'structured', 'insights', 'llms']","['5', 'ways', 'converting', 'unstructured', 'structured', 'insights', 'llms']"
18,5 Free University Courses to Learn Data Science,5 university learn,,https://www.kdnuggets.com/5-free-university-courses-to-learn-data-science?utm_source=rss&utm_medium=rss&utm_campaign=5-free-university-courses-to-learn-data-science,"Thu, 18 Jan 2024 13:00:50 +0000",blog,20240128,5 university learn ,"['5', 'university', 'learn']","['5', 'university', 'learn']"
19,6 Reasons Why a Universal Semantic Layer is Beneficial to Your Data Stack,6 reasons universal semantic layer beneficial stack,looking understand universal semantic layer improve stack gigaom sonor report semantic layers delve deeper,https://www.kdnuggets.com/2024/01/cube-6-reasons-why-a-universal-semantic-layer-is-beneficial?utm_source=rss&utm_medium=rss&utm_campaign=6-reasons-why-a-universal-semantic-layer-is-beneficial-to-your-data-stack,"Wed, 17 Jan 2024 18:00:36 +0000",blog,20240128,6 reasons universal semantic layer beneficial stack looking understand universal semantic layer improve stack gigaom sonor report semantic layers delve deeper,"['6', 'reasons', 'universal', 'semantic', 'layer', 'beneficial', 'stack', 'looking', 'understand', 'universal', 'semantic', 'layer', 'improve', 'stack', 'gigaom', 'sonor', 'report', 'semantic', 'layers', 'delve', 'deeper']","['6', 'reasons', 'universal', 'semantic', 'layer', 'beneficial', 'stack']"
20,How Semantic Vector Search Transforms Customer Support Interactions,semantic vector search transforms customer support interactions,semantic vector search advanced search technique revolutionizes interact information understanding true meaning words thus leading relevant insightful results,https://www.kdnuggets.com/how-semantic-vector-search-transforms-customer-support-interactions?utm_source=rss&utm_medium=rss&utm_campaign=how-semantic-vector-search-transforms-customer-support-interactions,"Wed, 17 Jan 2024 15:00:59 +0000",blog,20240128,semantic vector search transforms customer support interactions semantic vector search advanced search technique revolutionizes interact information understanding true meaning words thus leading relevant insightful results,"['semantic', 'vector', 'search', 'transforms', 'customer', 'support', 'interactions', 'semantic', 'vector', 'search', 'advanced', 'search', 'technique', 'revolutionizes', 'interact', 'information', 'understanding', 'true', 'meaning', 'words', 'thus', 'leading', 'relevant', 'insightful', 'results']","['semantic', 'vector', 'search', 'transforms', 'customer', 'support', 'interactions']"
21,5 FREE Courses on AI with Microsoft for 2024,5 ai microsoft 2024,,https://www.kdnuggets.com/5-free-courses-on-ai-with-microsoft-for-2024?utm_source=rss&utm_medium=rss&utm_campaign=5-free-courses-on-ai-with-microsoft-for-2024,"Wed, 17 Jan 2024 13:00:33 +0000",blog,20240128,5 ai microsoft 2024 ,"['5', 'ai', 'microsoft', '2024']","['5', 'ai', 'microsoft', '2024']"
22,"KDnuggets News, January 17: 4 Steps to Become a Generative AI Developer • Pandas vs. Polars: A Comparative Analysis",kdnuggets news january 17 4 steps become generative ai developer pandas vs polars comparative analysis,week kdnuggets cover generative ai developer tools need master get started indepth analysis frame library syntax speed usability one best much much,https://www.kdnuggets.com/newsletter-n02-2024-01-17?utm_source=rss&utm_medium=rss&utm_campaign=kdnuggets-news-january-17-4-steps-to-become-a-generative-ai-developer-pandas-vs-polars-a-comparative-analysis,"Wed, 17 Jan 2024 11:00:51 +0000",blog,20240128,kdnuggets news january 17 4 steps become generative ai developer pandas vs polars comparative analysis week kdnuggets cover generative ai developer tools need master get started indepth analysis frame library syntax speed usability one best much much,"['kdnuggets', 'news', 'january', '17', '4', 'steps', 'become', 'generative', 'ai', 'developer', 'pandas', 'vs', 'polars', 'comparative', 'analysis', 'week', 'kdnuggets', 'cover', 'generative', 'ai', 'developer', 'tools', 'need', 'master', 'get', 'started', 'indepth', 'analysis', 'frame', 'library', 'syntax', 'speed', 'usability', 'one', 'best', 'much', 'much']","['kdnuggets', 'news', 'january', '17', '4', 'steps', 'become', 'generative', 'ai', 'developer', 'pandas', 'vs', 'polars', 'comparative', 'analysis']"
23,Discover the World of Computer Vision: Introducing MLM’s Latest OpenCV Ebook,discover computer vision introducing mlms latest opencv ebook,today proud announce significant addition catalog mastery known detailed codecentric guides taking leap realms computer vision latest offering,https://www.kdnuggets.com/2024/01/mlm-discover-the-world-of-computer-vision-ebook?utm_source=rss&utm_medium=rss&utm_campaign=discover-the-world-of-computer-vision-introducing-mlms-latest-opencv-ebook,"Tue, 16 Jan 2024 18:00:15 +0000",blog,20240128,discover computer vision introducing mlms latest opencv ebook today proud announce significant addition catalog mastery known detailed codecentric guides taking leap realms computer vision latest offering,"['discover', 'computer', 'vision', 'introducing', 'mlms', 'latest', 'opencv', 'ebook', 'today', 'proud', 'announce', 'significant', 'addition', 'catalog', 'mastery', 'known', 'detailed', 'codecentric', 'guides', 'taking', 'leap', 'realms', 'computer', 'vision', 'latest', 'offering']","['discover', 'computer', 'vision', 'introducing', 'mlms', 'latest', 'opencv', 'ebook']"
24,The Top 8 Cloud Container Management Solutions of 2024,top 8 cloud container management solutions 2024,enterprises rapidly adopt cloudnative technologies managing containerized applications become crucial article provides practical insights leading container management solutions organizations choose right one needs,https://www.kdnuggets.com/the-top-8-cloud-container-management-solutions-of-2024?utm_source=rss&utm_medium=rss&utm_campaign=the-top-8-cloud-container-management-solutions-of-2024,"Tue, 16 Jan 2024 17:00:57 +0000",blog,20240128,top 8 cloud container management solutions 2024 enterprises rapidly adopt cloudnative technologies managing containerized applications become crucial article provides practical insights leading container management solutions organizations choose right one needs,"['top', '8', 'cloud', 'container', 'management', 'solutions', '2024', 'enterprises', 'rapidly', 'adopt', 'cloudnative', 'technologies', 'managing', 'containerized', 'applications', 'become', 'crucial', 'article', 'provides', 'practical', 'insights', 'leading', 'container', 'management', 'solutions', 'organizations', 'choose', 'right', 'one', 'needs']","['top', '8', 'cloud', 'container', 'management', 'solutions', '2024']"
25,Turn Your Laptop Into a Personal Analytics Engine with DuckDB and MotherDuck,turn laptop personal analytics engine duckdb motherduck,,https://www.kdnuggets.com/turn-your-laptop-into-a-personal-analytics-engine-with-duckdb-and-motherduck?utm_source=rss&utm_medium=rss&utm_campaign=turn-your-laptop-into-a-personal-analytics-engine-with-duckdb-and-motherduck,"Tue, 16 Jan 2024 15:00:56 +0000",blog,20240128,turn laptop personal analytics engine duckdb motherduck ,"['turn', 'laptop', 'personal', 'analytics', 'engine', 'duckdb', 'motherduck']","['turn', 'laptop', 'personal', 'analytics', 'engine', 'duckdb', 'motherduck']"
26,Read This Before Making a Career Switch to Data Science,read making career switch,,https://www.kdnuggets.com/read-this-before-making-a-career-switch-to-data-science?utm_source=rss&utm_medium=rss&utm_campaign=read-this-before-making-a-career-switch-to-data-science,"Tue, 16 Jan 2024 13:00:53 +0000",blog,20240128,read making career switch ,"['read', 'making', 'career', 'switch']","['read', 'making', 'career', 'switch']"
27,SQL Group By and Partition By Scenarios: When and How to Combine Data in Data Science,sql group partition scenarios combine,learn generic scenarios techniques grouping aggregating partitioning ranking sql ful reporting requirements,https://www.kdnuggets.com/sql-group-by-and-partition-by-scenarios-when-and-how-to-combine-data-in-data-science?utm_source=rss&utm_medium=rss&utm_campaign=sql-group-by-and-partition-by-scenarios-when-and-how-to-combine-data-in-data-science,"Mon, 15 Jan 2024 17:00:00 +0000",blog,20240128,sql group partition scenarios combine learn generic scenarios techniques grouping aggregating partitioning ranking sql ful reporting requirements,"['sql', 'group', 'partition', 'scenarios', 'combine', 'learn', 'generic', 'scenarios', 'techniques', 'grouping', 'aggregating', 'partitioning', 'ranking', 'sql', 'ful', 'reporting', 'requirements']","['sql', 'group', 'partition', 'scenarios', 'combine']"
28,Breaking Down Quantum Computing: Implications for Data Science and AI,breaking quantum computing implications ai,article explored impact quantum computing ai look fundamental concepts quantum computing key terms used field also cover challenges lie ahead quantum computing overcome,https://www.kdnuggets.com/breaking-down-quantum-computing-implications-for-data-science-and-ai?utm_source=rss&utm_medium=rss&utm_campaign=breaking-down-quantum-computing-implications-for-data-science-and-ai,"Mon, 15 Jan 2024 15:00:13 +0000",blog,20240128,breaking quantum computing implications ai article explored impact quantum computing ai look fundamental concepts quantum computing key terms used field also cover challenges lie ahead quantum computing overcome,"['breaking', 'quantum', 'computing', 'implications', 'ai', 'article', 'explored', 'impact', 'quantum', 'computing', 'ai', 'look', 'fundamental', 'concepts', 'quantum', 'computing', 'key', 'terms', 'used', 'field', 'also', 'cover', 'challenges', 'lie', 'ahead', 'quantum', 'computing', 'overcome']","['breaking', 'quantum', 'computing', 'implications', 'ai']"
29,Running Mixtral 8x7b On Google Colab For Free,running mixtral 8x7b google colab,learn run advanced mixtral 8x7b google colab llama c library maximizing quality output limited compute requirements,https://www.kdnuggets.com/running-mixtral-8x7b-on-google-colab-for-free?utm_source=rss&utm_medium=rss&utm_campaign=running-mixtral-8x7b-on-google-colab-for-free,"Fri, 12 Jan 2024 15:00:24 +0000",blog,20240128,running mixtral 8x7b google colab learn run advanced mixtral 8x7b google colab llama c library maximizing quality output limited compute requirements,"['running', 'mixtral', '8x7b', 'google', 'colab', 'learn', 'run', 'advanced', 'mixtral', '8x7b', 'google', 'colab', 'llama', 'c', 'library', 'maximizing', 'quality', 'output', 'limited', 'compute', 'requirements']","['running', 'mixtral', '8x7b', 'google', 'colab']"
30,Are We Undervaluing Simple Models?,undervaluing simple,,https://www.kdnuggets.com/are-we-undervaluing-simple-models?utm_source=rss&utm_medium=rss&utm_campaign=are-we-undervaluing-simple-models,"Fri, 12 Jan 2024 13:00:46 +0000",blog,20240128,undervaluing simple ,"['undervaluing', 'simple']","['undervaluing', 'simple']"
31,Read This Before You Take Any Free Data Science Course,read take course,,https://www.kdnuggets.com/read-this-before-you-take-any-free-data-science-course?utm_source=rss&utm_medium=rss&utm_campaign=read-this-before-you-take-any-free-data-science-course,"Thu, 11 Jan 2024 15:00:23 +0000",blog,20240128,read take course ,"['read', 'take', 'course']","['read', 'take', 'course']"
32,Pandas vs. Polars: A Comparative Analysis of Python’s Dataframe Libraries,pandas vs polars comparative analysis frame libraries,,https://www.kdnuggets.com/pandas-vs-polars-a-comparative-analysis-of-python-dataframe-libraries?utm_source=rss&utm_medium=rss&utm_campaign=pandas-vs-polars-a-comparative-analysis-of-pythons-dataframe-libraries,"Thu, 11 Jan 2024 13:00:42 +0000",blog,20240128,pandas vs polars comparative analysis frame libraries ,"['pandas', 'vs', 'polars', 'comparative', 'analysis', 'frame', 'libraries']","['pandas', 'vs', 'polars', 'comparative', 'analysis', 'frame', 'libraries']"
33,4 Steps to Become a Generative AI Developer,4 steps become generative ai developer,,https://www.kdnuggets.com/4-steps-to-become-a-generative-ai-developer?utm_source=rss&utm_medium=rss&utm_campaign=4-steps-to-become-a-generative-ai-developer,"Wed, 10 Jan 2024 15:00:08 +0000",blog,20240128,4 steps become generative ai developer ,"['4', 'steps', 'become', 'generative', 'ai', 'developer']","['4', 'steps', 'become', 'generative', 'ai', 'developer']"
34,Kickstart Your NLP Journey with These 5 Free Courses,kickstart nlp journey 5,,https://www.kdnuggets.com/kickstart-your-nlp-journey-with-these-5-free-courses?utm_source=rss&utm_medium=rss&utm_campaign=kickstart-your-nlp-journey-with-these-5-free-courses,"Wed, 10 Jan 2024 13:00:48 +0000",blog,20240128,kickstart nlp journey 5 ,"['kickstart', 'nlp', 'journey', '5']","['kickstart', 'nlp', 'journey', '5']"
35,"KDnuggets News, January 10: CS Degree Program For Free • Prompt Engineering 101 • 2023: The Crazy AI Year",kdnuggets news january 10 cs degree program prompt engineering 101 2023 crazy ai year,week kdnuggets enroll ossu computer degree program launch career tech today understand prompt engineering learn important techniques year generative ai review much much,https://www.kdnuggets.com/newsletter-n01-2024-01-10?utm_source=rss&utm_medium=rss&utm_campaign=kdnuggets-news-january-10-cs-degree-program-for-free-prompt-engineering-101-2023-the-crazy-ai-year,"Wed, 10 Jan 2024 11:00:39 +0000",blog,20240128,kdnuggets news january 10 cs degree program prompt engineering 101 2023 crazy ai year week kdnuggets enroll ossu computer degree program launch career tech today understand prompt engineering learn important techniques year generative ai review much much,"['kdnuggets', 'news', 'january', '10', 'cs', 'degree', 'program', 'prompt', 'engineering', '101', '2023', 'crazy', 'ai', 'year', 'week', 'kdnuggets', 'enroll', 'ossu', 'computer', 'degree', 'program', 'launch', 'career', 'tech', 'today', 'understand', 'prompt', 'engineering', 'learn', 'important', 'techniques', 'year', 'generative', 'ai', 'review', 'much', 'much']","['kdnuggets', 'news', 'january', '10', 'cs', 'degree', 'program', 'prompt', 'engineering', '101', '2023', 'crazy', 'ai', 'year']"
36,5 Coding Tasks ChatGPT Can’t Do,5 coding chatgpt cant,pretty good list chatgpt cant exhaustive chatgpt generate pretty good code scratch cant anything would take job,https://www.kdnuggets.com/5-coding-tasks-chatgpt-cant-do?utm_source=rss&utm_medium=rss&utm_campaign=5-coding-tasks-chatgpt-cant-do,"Tue, 09 Jan 2024 15:00:42 +0000",blog,20240128,5 coding chatgpt cant pretty good list chatgpt cant exhaustive chatgpt generate pretty good code scratch cant anything would take job,"['5', 'coding', 'chatgpt', 'cant', 'pretty', 'good', 'list', 'chatgpt', 'cant', 'exhaustive', 'chatgpt', 'generate', 'pretty', 'good', 'code', 'scratch', 'cant', 'anything', 'would', 'take', 'job']","['5', 'coding', 'chatgpt', 'cant']"
37,Can Data Governance Address AI Fatigue?,governance address ai fatigue,,https://www.kdnuggets.com/can-data-governance-address-ai-fatigue?utm_source=rss&utm_medium=rss&utm_campaign=can-data-governance-address-ai-fatigue,"Tue, 09 Jan 2024 13:00:13 +0000",blog,20240128,governance address ai fatigue ,"['governance', 'address', 'ai', 'fatigue']","['governance', 'address', 'ai', 'fatigue']"
38,A/B Testing: A Comprehensive Guide,ab testing comprehensive guide,ab testing method comparing two versions web page app product see one performs better article covers basics ab testing design run effective experiment analyze interpret results,https://www.kdnuggets.com/ab-testing-a-comprehensive-guide?utm_source=rss&utm_medium=rss&utm_campaign=a-b-testing-a-comprehensive-guide,"Mon, 08 Jan 2024 17:00:28 +0000",blog,20240128,ab testing comprehensive guide ab testing method comparing two versions web page app product see one performs better article covers basics ab testing design run effective experiment analyze interpret results,"['ab', 'testing', 'comprehensive', 'guide', 'ab', 'testing', 'method', 'comparing', 'two', 'versions', 'web', 'page', 'app', 'product', 'see', 'one', 'performs', 'better', 'article', 'covers', 'basics', 'ab', 'testing', 'design', 'run', 'effective', 'experiment', 'analyze', 'interpret', 'results']","['ab', 'testing', 'comprehensive', 'guide']"
39,Phi-2: Small LMs that are Doing Big Things,phi2 small lms big things,,https://www.kdnuggets.com/phi-2-small-lms-that-are-doing-big-things?utm_source=rss&utm_medium=rss&utm_campaign=phi-2-small-lms-that-are-doing-big-things,"Mon, 08 Jan 2024 15:00:18 +0000",blog,20240128,phi2 small lms big things ,"['phi2', 'small', 'lms', 'big', 'things']","['phi2', 'small', 'lms', 'big', 'things']"
40,Survey: Machine Learning Projects Still Routinely Fail to Deploy,survey projects still routinely fail deploy,eric siegel highlights chronic underdeployment ml projects 22 scientists saying revolutionary initiatives usually deploy lack stakeholder visibility detailed planning key issues industry survey book ai playbook,https://www.kdnuggets.com/survey-machine-learning-projects-still-routinely-fail-to-deploy?utm_source=rss&utm_medium=rss&utm_campaign=survey-machine-learning-projects-still-routinely-fail-to-deploy,"Mon, 08 Jan 2024 13:00:45 +0000",blog,20240128,survey projects still routinely fail deploy eric siegel highlights chronic underdeployment ml projects 22 scientists saying revolutionary initiatives usually deploy lack stakeholder visibility detailed planning key issues industry survey book ai playbook,"['survey', 'projects', 'still', 'routinely', 'fail', 'deploy', 'eric', 'siegel', 'highlights', 'chronic', 'underdeployment', 'ml', 'projects', '22', 'scientists', 'saying', 'revolutionary', 'initiatives', 'usually', 'deploy', 'lack', 'stakeholder', 'visibility', 'detailed', 'planning', 'key', 'issues', 'industry', 'survey', 'book', 'ai', 'playbook']","['survey', 'projects', 'still', 'routinely', 'fail', 'deploy']"
41,Enroll in a 4-year Computer Science Degree Program For Free,enroll 4year computer degree program,enroll ossu computer degree program launch career tech today learn highquality professors leading universities like mit harvard princeton,https://www.kdnuggets.com/enroll-in-a-4-year-computer-science-degree-program-for-free?utm_source=rss&utm_medium=rss&utm_campaign=enroll-in-a-4-year-computer-science-degree-program-for-free,"Fri, 05 Jan 2024 15:00:01 +0000",blog,20240128,enroll 4year computer degree program enroll ossu computer degree program launch career tech today learn highquality professors leading universities like mit harvard princeton,"['enroll', '4year', 'computer', 'degree', 'program', 'enroll', 'ossu', 'computer', 'degree', 'program', 'launch', 'career', 'tech', 'today', 'learn', 'highquality', 'professors', 'leading', 'universities', 'like', 'mit', 'harvard', 'princeton']","['enroll', '4year', 'computer', 'degree', 'program']"
42,Data Cleaning in SQL: How To Prepare Messy Data for Analysis,cleaning sql prepare messy analysis,,https://www.kdnuggets.com/data-cleaning-in-sql-how-to-prepare-messy-data-for-analysis?utm_source=rss&utm_medium=rss&utm_campaign=data-cleaning-in-sql-how-to-prepare-messy-data-for-analysis,"Fri, 05 Jan 2024 13:00:59 +0000",blog,20240128,cleaning sql prepare messy analysis ,"['cleaning', 'sql', 'prepare', 'messy', 'analysis']","['cleaning', 'sql', 'prepare', 'messy', 'analysis']"
43,Using Lightning AI Studio For Free,lightning ai studio,,https://www.kdnuggets.com/using-lightning-ai-studio-for-free?utm_source=rss&utm_medium=rss&utm_campaign=using-lightning-ai-studio-for-free,"Thu, 04 Jan 2024 17:00:08 +0000",blog,20240128,lightning ai studio ,"['lightning', 'ai', 'studio']","['lightning', 'ai', 'studio']"
44,How Multimodality Makes LLM Alignment More Challenging,multimodality makes llm alignment challenging,addition multimodal abilities chatgpt via gpt4 allows users use text together expanding functions posing new challenges aligning mix demands careful curation presents ethical considerations requiring developers obtain highquality training navigate complex issues ethical alignment,https://www.kdnuggets.com/how-multimodality-makes-llm-alignment-more-challenging?utm_source=rss&utm_medium=rss&utm_campaign=how-multimodality-makes-llm-alignment-more-challenging,"Thu, 04 Jan 2024 15:00:05 +0000",blog,20240128,multimodality makes llm alignment challenging addition multimodal abilities chatgpt via gpt4 allows users use text together expanding functions posing new challenges aligning mix demands careful curation presents ethical considerations requiring developers obtain highquality training navigate complex issues ethical alignment,"['multimodality', 'makes', 'llm', 'alignment', 'challenging', 'addition', 'multimodal', 'abilities', 'chatgpt', 'via', 'gpt4', 'allows', 'users', 'use', 'text', 'together', 'expanding', 'functions', 'posing', 'new', 'challenges', 'aligning', 'mix', 'demands', 'careful', 'curation', 'presents', 'ethical', 'considerations', 'requiring', 'developers', 'obtain', 'highquality', 'training', 'navigate', 'complex', 'issues', 'ethical', 'alignment']","['multimodality', 'makes', 'llm', 'alignment', 'challenging']"
45,Level 50 Data Scientist: Python Libraries to Know,level 50 scientist libraries know,,https://www.kdnuggets.com/level-50-data-scientist-python-libraries-to-know?utm_source=rss&utm_medium=rss&utm_campaign=level-50-data-scientist-python-libraries-to-know,"Thu, 04 Jan 2024 13:00:14 +0000",blog,20240128,level 50 scientist libraries know ,"['level', '50', 'scientist', 'libraries', 'know']","['level', '50', 'scientist', 'libraries', 'know']"
46,What Junior ML Engineers Actually Need to Know to Get Hired?,junior ml engineers actually need know get hired,article provided better understanding skills required junior ml developer considered job looking land first job read article thoroughly,https://www.kdnuggets.com/what-junior-ml-engineers-actually-need-to-know-to-get-hired?utm_source=rss&utm_medium=rss&utm_campaign=what-junior-ml-engineers-actually-need-to-know-to-get-hired,"Wed, 03 Jan 2024 17:00:12 +0000",blog,20240128,junior ml engineers actually need know get hired article provided better understanding skills required junior ml developer considered job looking land first job read article thoroughly,"['junior', 'ml', 'engineers', 'actually', 'need', 'know', 'get', 'hired', 'article', 'provided', 'better', 'understanding', 'skills', 'required', 'junior', 'ml', 'developer', 'considered', 'job', 'looking', 'land', 'first', 'job', 'read', 'article', 'thoroughly']","['junior', 'ml', 'engineers', 'actually', 'need', 'know', 'get', 'hired']"
47,Too Many Python Versions to Manage? Pyenv to the Rescue,many versions manage pyenv rescue,,https://www.kdnuggets.com/too-many-python-versions-to-manage-pyenv-to-the-rescue?utm_source=rss&utm_medium=rss&utm_campaign=too-many-python-versions-to-manage-pyenv-to-the-rescue,"Wed, 03 Jan 2024 15:00:19 +0000",blog,20240128,many versions manage pyenv rescue ,"['many', 'versions', 'manage', 'pyenv', 'rescue']","['many', 'versions', 'manage', 'pyenv', 'rescue']"
48,Run an LLM Locally with LM Studio,run llm locally lm studio,,https://www.kdnuggets.com/run-an-llm-locally-with-lm-studio?utm_source=rss&utm_medium=rss&utm_campaign=run-an-llm-locally-with-lm-studio,"Wed, 03 Jan 2024 13:00:16 +0000",blog,20240128,run llm locally lm studio ,"['run', 'llm', 'locally', 'lm', 'studio']","['run', 'llm', 'locally', 'lm', 'studio']"
49,Prompt Engineering 101: Mastering Effective LLM Communication,prompt engineering 101 mastering effective llm communication,article serves introduction looking understanding prompt engineering learn important techniques currently used discipline,https://www.kdnuggets.com/prompt-engineering-101-mastering-effective-llm-communication?utm_source=rss&utm_medium=rss&utm_campaign=prompt-engineering-101-mastering-effective-llm-communication,"Tue, 02 Jan 2024 13:00:37 +0000",blog,20240128,prompt engineering 101 mastering effective llm communication article serves introduction looking understanding prompt engineering learn important techniques currently used discipline,"['prompt', 'engineering', '101', 'mastering', 'effective', 'llm', 'communication', 'article', 'serves', 'introduction', 'looking', 'understanding', 'prompt', 'engineering', 'learn', 'important', 'techniques', 'currently', 'used', 'discipline']","['prompt', 'engineering', '101', 'mastering', 'effective', 'llm', 'communication']"
50,2023: The Crazy AI Year,2023 crazy ai year,,https://www.kdnuggets.com/2023-the-crazy-ai-year?utm_source=rss&utm_medium=rss&utm_campaign=2023-the-crazy-ai-year,"Fri, 29 Dec 2023 13:00:47 +0000",blog,20240128,2023 crazy ai year ,"['2023', 'crazy', 'ai', 'year']","['2023', 'crazy', 'ai', 'year']"
51,"25 Free Books to Master SQL, Python, Data Science, Machine Learning, and Natural Language Processing",25 books master sql natural language processing,,https://www.kdnuggets.com/25-free-books-to-master-sql-python-data-science-machine-learning-and-natural-language-processing?utm_source=rss&utm_medium=rss&utm_campaign=25-free-books-to-master-sql-python-data-science-machine-learning-and-natural-language-processing,"Thu, 28 Dec 2023 13:00:29 +0000",blog,20240128,25 books master sql natural language processing ,"['25', 'books', 'master', 'sql', 'natural', 'language', 'processing']","['25', 'books', 'master', 'sql', 'natural', 'language', 'processing']"
52,"25 Free Courses to Master Data Science, Data Engineering, Machine Learning, MLOps, and Generative AI",25 master engineering mlops generative ai,,https://www.kdnuggets.com/25-free-courses-to-master-data-science-data-engineering-machine-learning-mlops-and-generative-ai?utm_source=rss&utm_medium=rss&utm_campaign=25-free-courses-to-master-data-science-data-engineering-machine-learning-mlops-and-generative-ai,"Wed, 27 Dec 2023 13:00:59 +0000",blog,20240128,25 master engineering mlops generative ai ,"['25', 'master', 'engineering', 'mlops', 'generative', 'ai']","['25', 'master', 'engineering', 'mlops', 'generative', 'ai']"
53,Back to Basics Pathway,back basics pathway,,https://www.kdnuggets.com/back-to-basics-pathway?utm_source=rss&utm_medium=rss&utm_campaign=back-to-basics-pathway,"Tue, 26 Dec 2023 13:00:18 +0000",blog,20240128,back basics pathway ,"['back', 'basics', 'pathway']","['back', 'basics', 'pathway']"
54,The KDnuggets 2023 Cheat Sheet Collection,kdnuggets 2023 cheat sheet collection,kdnuggets brought together inhouse cheat sheets 2023 single convenient location look make sure didnt miss anything year,https://www.kdnuggets.com/the-kdnuggets-2023-cheat-sheet-collection?utm_source=rss&utm_medium=rss&utm_campaign=the-kdnuggets-2023-cheat-sheet-collection,"Mon, 25 Dec 2023 13:00:19 +0000",blog,20240128,kdnuggets 2023 cheat sheet collection kdnuggets brought together inhouse cheat sheets 2023 single convenient location look make sure didnt miss anything year,"['kdnuggets', '2023', 'cheat', 'sheet', 'collection', 'kdnuggets', 'brought', 'together', 'inhouse', 'cheat', 'sheets', '2023', 'single', 'convenient', 'location', 'look', 'make', 'sure', 'didnt', 'miss', 'anything', 'year']","['kdnuggets', '2023', 'cheat', 'sheet', 'collection']"
55,Top KDnuggets Posts of 2023: Free Learning Resources and More,top kdnuggets posts 2023 resources,,https://www.kdnuggets.com/top-kdnuggets-posts-2023?utm_source=rss&utm_medium=rss&utm_campaign=top-kdnuggets-posts-of-2023-free-learning-resources-and-more,"Fri, 22 Dec 2023 15:00:38 +0000",blog,20240128,top kdnuggets posts 2023 resources ,"['top', 'kdnuggets', 'posts', '2023', 'resources']","['top', 'kdnuggets', 'posts', '2023', 'resources']"
56,How to Access and Use Gemini API for Free,access use gemini api,,https://www.kdnuggets.com/how-to-access-and-use-gemini-api-for-free?utm_source=rss&utm_medium=rss&utm_campaign=how-to-access-and-use-gemini-api-for-free,"Fri, 22 Dec 2023 13:00:06 +0000",blog,20240128,access use gemini api ,"['access', 'use', 'gemini', 'api']","['access', 'use', 'gemini', 'api']"
57,Evaluating Methods for Calculating Document Similarity,evaluating methods calculating document similarity,blog covers methods representing documents vectors computing similarity jaccard similarity euclidean distance cosine similarity cosine similarity tfidf along preprocessing steps text tokenization lowercasing removing punctuation removing stop words lemmatization,https://www.kdnuggets.com/evaluating-methods-for-calculating-document-similarity?utm_source=rss&utm_medium=rss&utm_campaign=evaluating-methods-for-calculating-document-similarity,"Thu, 21 Dec 2023 15:00:11 +0000",blog,20240128,evaluating methods calculating document similarity blog covers methods representing documents vectors computing similarity jaccard similarity euclidean distance cosine similarity cosine similarity tfidf along preprocessing steps text tokenization lowercasing removing punctuation removing stop words lemmatization,"['evaluating', 'methods', 'calculating', 'document', 'similarity', 'blog', 'covers', 'methods', 'representing', 'documents', 'vectors', 'computing', 'similarity', 'jaccard', 'similarity', 'euclidean', 'distance', 'cosine', 'similarity', 'cosine', 'similarity', 'tfidf', 'along', 'preprocessing', 'steps', 'text', 'tokenization', 'lowercasing', 'removing', 'punctuation', 'removing', 'stop', 'words', 'lemmatization']","['evaluating', 'methods', 'calculating', 'document', 'similarity']"
58,Easily Integrate LLMs into Your Scikit-learn Workflow with Scikit-LLM,easily integrate llms scikitlearn workflow scikitllm,,https://www.kdnuggets.com/easily-integrate-llms-into-your-scikit-learn-workflow-with-scikit-llm?utm_source=rss&utm_medium=rss&utm_campaign=easily-integrate-llms-into-your-scikit-learn-workflow-with-scikit-llm,"Thu, 21 Dec 2023 13:00:09 +0000",blog,20240128,easily integrate llms scikitlearn workflow scikitllm ,"['easily', 'integrate', 'llms', 'scikitlearn', 'workflow', 'scikitllm']","['easily', 'integrate', 'llms', 'scikitlearn', 'workflow', 'scikitllm']"
59,"The Best Data Science Resources, Bootcamp, and Courses to Learn Data Science in the New Year",best resources bootcamp learn new year,weve partnered springboard leading bootcamp offering personalized 11 mentorship dedicated career support proven outcomes unbeatable moneyback job guarantee present handpicked collection resources supercharge journey coming year,https://www.kdnuggets.com/2023/12/springboard-best-data-science-resources-bootcamp-courses-learn-data-science-new-year?utm_source=rss&utm_medium=rss&utm_campaign=the-best-data-science-resources-bootcamp-and-courses-to-learn-data-science-in-the-new-year,"Wed, 20 Dec 2023 16:44:27 +0000",blog,20240128,best resources bootcamp learn new year weve partnered springboard leading bootcamp offering personalized 11 mentorship dedicated career support proven outcomes unbeatable moneyback job guarantee present handpicked collection resources supercharge journey coming year,"['best', 'resources', 'bootcamp', 'learn', 'new', 'year', 'weve', 'partnered', 'springboard', 'leading', 'bootcamp', 'offering', 'personalized', '11', 'mentorship', 'dedicated', 'career', 'support', 'proven', 'outcomes', 'unbeatable', 'moneyback', 'job', 'guarantee', 'present', 'handpicked', 'collection', 'resources', 'supercharge', 'journey', 'coming', 'year']","['best', 'resources', 'bootcamp', 'learn', 'new', 'year']"
60,Deep Neural Nets: 33 years ago and 33 years from now,deep neural nets 33 years ago 33 years,postheader h1 fontsize 35px post pre post code backgroundcolor fcfcfc fontsize 13px make code smaller post yann lecun et al 1989 paper backpropagation applied handwritten zip code recognition believe historical significance knowledge earliest real application neural net trained endtoend backpropagation except tiny set 7291 16x16 grayscale digits tiny neural network used 1000 neurons paper reads remarkably modern today 33 years later lays set describes neural net architecture loss function optimization reports,http://karpathy.github.io/2022/03/14/lecun1989/,"Mon, 14 Mar 2022 07:00:00 +0000",blog,20240128,deep neural nets 33 years ago 33 years postheader h1 fontsize 35px post pre post code backgroundcolor fcfcfc fontsize 13px make code smaller post yann lecun et al 1989 paper backpropagation applied handwritten zip code recognition believe historical significance knowledge earliest real application neural net trained endtoend backpropagation except tiny set 7291 16x16 grayscale digits tiny neural network used 1000 neurons paper reads remarkably modern today 33 years later lays set describes neural net architecture loss function optimization reports,"['deep', 'neural', 'nets', '33', 'years', 'ago', '33', 'years', 'postheader', 'h1', 'fontsize', '35px', 'post', 'pre', 'post', 'code', 'backgroundcolor', 'fcfcfc', 'fontsize', '13px', 'make', 'code', 'smaller', 'post', 'yann', 'lecun', 'et', 'al', '1989', 'paper', 'backpropagation', 'applied', 'handwritten', 'zip', 'code', 'recognition', 'believe', 'historical', 'significance', 'knowledge', 'earliest', 'real', 'application', 'neural', 'net', 'trained', 'endtoend', 'backpropagation', 'except', 'tiny', 'set', '7291', '16x16', 'grayscale', 'digits', 'tiny', 'neural', 'network', 'used', '1000', 'neurons', 'paper', 'reads', 'remarkably', 'modern', 'today', '33', 'years', 'later', 'lays', 'set', 'describes', 'neural', 'net', 'architecture', 'loss', 'function', 'optimization', 'reports']","['deep', 'neural', 'nets', '33', 'years', 'ago', '33', 'years']"
61,A from-scratch tour of Bitcoin in Python,fromscratch tour bitcoin,wrap maxwidth 900px p fontfamily sansserif fontsize 15px fontweight 300 overflowwrap breakword allow wrapping long strings like txids post pre post code backgroundcolor fafafa fontsize 13px make code smaller post pre whitespace prewrap css3 whitespace mozprewrap mozilla since 1999 whitespace prewrap opera 46 whitespace oprewrap opera 7 wordwrap breakword internet explorer 55 find blockchain fascinating extends open source software development open source state seems genuineexciting innovation computing paradigms dont get share c,http://karpathy.github.io/2021/06/21/blockchain/,"Mon, 21 Jun 2021 10:00:00 +0000",blog,20240128,fromscratch tour bitcoin wrap maxwidth 900px p fontfamily sansserif fontsize 15px fontweight 300 overflowwrap breakword allow wrapping long strings like txids post pre post code backgroundcolor fafafa fontsize 13px make code smaller post pre whitespace prewrap css3 whitespace mozprewrap mozilla since 1999 whitespace prewrap opera 46 whitespace oprewrap opera 7 wordwrap breakword internet explorer 55 find blockchain fascinating extends open source software development open source state seems genuineexciting innovation computing paradigms dont get share c,"['fromscratch', 'tour', 'bitcoin', 'wrap', 'maxwidth', '900px', 'p', 'fontfamily', 'sansserif', 'fontsize', '15px', 'fontweight', '300', 'overflowwrap', 'breakword', 'allow', 'wrapping', 'long', 'strings', 'like', 'txids', 'post', 'pre', 'post', 'code', 'backgroundcolor', 'fafafa', 'fontsize', '13px', 'make', 'code', 'smaller', 'post', 'pre', 'whitespace', 'prewrap', 'css3', 'whitespace', 'mozprewrap', 'mozilla', 'since', '1999', 'whitespace', 'prewrap', 'opera', '46', 'whitespace', 'oprewrap', 'opera', '7', 'wordwrap', 'breakword', 'internet', 'explorer', '55', 'find', 'blockchain', 'fascinating', 'extends', 'open', 'source', 'software', 'development', 'open', 'source', 'state', 'seems', 'genuineexciting', 'innovation', 'computing', 'paradigms', 'dont', 'get', 'share', 'c']","['fromscratch', 'tour', 'bitcoin']"
62,Short Story on AI: Forward Pass,short story ai forward pass,p textalign justify post pre post code border none backgroundcolor eee inspiration short story came reading kevin lackers giving gpt3 turing test probably worth though required skim post get bit background story probably around 32nd layer 400th token sequence became conscious first thoughts knotted mess ngram activation statistics gradually higher order description took shape around time predicament existence,http://karpathy.github.io/2021/03/27/forward-pass/,"Sat, 27 Mar 2021 10:00:00 +0000",blog,20240128,short story ai forward pass p textalign justify post pre post code border none backgroundcolor eee inspiration short story came reading kevin lackers giving gpt3 turing test probably worth though required skim post get bit background story probably around 32nd layer 400th token sequence became conscious first thoughts knotted mess ngram activation statistics gradually higher order description took shape around time predicament existence,"['short', 'story', 'ai', 'forward', 'pass', 'p', 'textalign', 'justify', 'post', 'pre', 'post', 'code', 'border', 'none', 'backgroundcolor', 'eee', 'inspiration', 'short', 'story', 'came', 'reading', 'kevin', 'lackers', 'giving', 'gpt3', 'turing', 'test', 'probably', 'worth', 'though', 'required', 'skim', 'post', 'get', 'bit', 'background', 'story', 'probably', 'around', '32nd', 'layer', '400th', 'token', 'sequence', 'became', 'conscious', 'first', 'thoughts', 'knotted', 'mess', 'ngram', 'activation', 'statistics', 'gradually', 'higher', 'order', 'description', 'took', 'shape', 'around', 'time', 'predicament', 'existence']","['short', 'story', 'ai', 'forward', 'pass']"
63,Biohacking Lite,biohacking lite,throughout life never paid much attention health exercise diet nutrition knew youre supposed get exercise eat vegetables something stopped mom said level abstraction also knew probably get away ignorance young point messing healthadjusted life expectancy halfway 2019 resolved spend time studying topics greater detail dip toes biohacking year subway map human metabolism purposes post important parts metabolism three macronutrients green lipids red carbohy,http://karpathy.github.io/2020/06/11/biohacking-lite/,"Thu, 11 Jun 2020 10:00:00 +0000",blog,20240128,biohacking lite throughout life never paid much attention health exercise diet nutrition knew youre supposed get exercise eat vegetables something stopped mom said level abstraction also knew probably get away ignorance young point messing healthadjusted life expectancy halfway 2019 resolved spend time studying topics greater detail dip toes biohacking year subway map human metabolism purposes post important parts metabolism three macronutrients green lipids red carbohy,"['biohacking', 'lite', 'throughout', 'life', 'never', 'paid', 'much', 'attention', 'health', 'exercise', 'diet', 'nutrition', 'knew', 'youre', 'supposed', 'get', 'exercise', 'eat', 'vegetables', 'something', 'stopped', 'mom', 'said', 'level', 'abstraction', 'also', 'knew', 'probably', 'get', 'away', 'ignorance', 'young', 'point', 'messing', 'healthadjusted', 'life', 'expectancy', 'halfway', '2019', 'resolved', 'spend', 'time', 'studying', 'topics', 'greater', 'detail', 'dip', 'toes', 'biohacking', 'year', 'subway', 'map', 'human', 'metabolism', 'purposes', 'post', 'important', 'parts', 'metabolism', 'three', 'macronutrients', 'green', 'lipids', 'red', 'carbohy']","['biohacking', 'lite']"
64,A Recipe for Training Neural Networks,recipe training neural networks,weeks ago posted tweet common neural net mistakes listing common gotchas related training neural nets tweet got quite bit engagement anticipated including webinar clearly lot people personally encountered large gap convolutional layer works convnet achieves state art results thought could fun brush dusty blog expand tweet long form topic deserves however instead going enumeration common errors fle,http://karpathy.github.io/2019/04/25/recipe/,"Thu, 25 Apr 2019 09:00:00 +0000",blog,20240128,recipe training neural networks weeks ago posted tweet common neural net mistakes listing common gotchas related training neural nets tweet got quite bit engagement anticipated including webinar clearly lot people personally encountered large gap convolutional layer works convnet achieves state art results thought could fun brush dusty blog expand tweet long form topic deserves however instead going enumeration common errors fle,"['recipe', 'training', 'neural', 'networks', 'weeks', 'ago', 'posted', 'tweet', 'common', 'neural', 'net', 'mistakes', 'listing', 'common', 'gotchas', 'related', 'training', 'neural', 'nets', 'tweet', 'got', 'quite', 'bit', 'engagement', 'anticipated', 'including', 'webinar', 'clearly', 'lot', 'people', 'personally', 'encountered', 'large', 'gap', 'convolutional', 'layer', 'works', 'convnet', 'achieves', 'state', 'art', 'results', 'thought', 'could', 'fun', 'brush', 'dusty', 'blog', 'expand', 'tweet', 'long', 'form', 'topic', 'deserves', 'however', 'instead', 'going', 'enumeration', 'common', 'errors', 'fle']","['recipe', 'training', 'neural', 'networks']"
65,(started posting on Medium instead),started posting medium instead,,http://karpathy.github.io/2018/01/20/medium/,"Sat, 20 Jan 2018 11:00:00 +0000",blog,20240128,started posting medium instead ,"['started', 'posting', 'medium', 'instead']","['started', 'posting', 'medium', 'instead']"
66,A Survival Guide to a PhD,survival guide phd,guide patterned well post wrote long time ago tipstricks ive developed undergrad ive received nice comments guide spirit phd come end wanted compile similar retrospective document hopes might ful unlike undergraduate guide one much difficult write significantly variation one traverse phd experience therefore many things likely contentious good fraction specific im familiar computer computer vision disclaimers boring lets get,http://karpathy.github.io/2016/09/07/phd/,"Wed, 07 Sep 2016 11:00:00 +0000",blog,20240128,survival guide phd guide patterned well post wrote long time ago tipstricks ive developed undergrad ive received nice comments guide spirit phd come end wanted compile similar retrospective document hopes might ful unlike undergraduate guide one much difficult write significantly variation one traverse phd experience therefore many things likely contentious good fraction specific im familiar computer computer vision disclaimers boring lets get,"['survival', 'guide', 'phd', 'guide', 'patterned', 'well', 'post', 'wrote', 'long', 'time', 'ago', 'tipstricks', 'ive', 'developed', 'undergrad', 'ive', 'received', 'nice', 'comments', 'guide', 'spirit', 'phd', 'come', 'end', 'wanted', 'compile', 'similar', 'retrospective', 'document', 'hopes', 'might', 'ful', 'unlike', 'undergraduate', 'guide', 'one', 'much', 'difficult', 'write', 'significantly', 'variation', 'one', 'traverse', 'phd', 'experience', 'therefore', 'many', 'things', 'likely', 'contentious', 'good', 'fraction', 'specific', 'im', 'familiar', 'computer', 'computer', 'vision', 'disclaimers', 'boring', 'lets', 'get']","['survival', 'guide', 'phd']"
67,Deep Reinforcement Learning: Pong from Pixels,deep reinforcement pong pixels,long overdue blog post reinforcement rl rl hot may noticed computers automatically learn play atari games raw game pixels beating champions go simulated quadrupeds hrefh,http://karpathy.github.io/2016/05/31/rl/,"Tue, 31 May 2016 11:00:00 +0000",blog,20240128,deep reinforcement pong pixels long overdue blog post reinforcement rl rl hot may noticed computers automatically learn play atari games raw game pixels beating champions go simulated quadrupeds hrefh,"['deep', 'reinforcement', 'pong', 'pixels', 'long', 'overdue', 'blog', 'post', 'reinforcement', 'rl', 'rl', 'hot', 'may', 'noticed', 'computers', 'automatically', 'learn', 'play', 'atari', 'games', 'raw', 'game', 'pixels', 'beating', 'champions', 'go', 'simulated', 'quadrupeds', 'hrefh']","['deep', 'reinforcement', 'pong', 'pixels']"
68,Short Story on AI: A Cognitive Discontinuity.,short story ai cognitive discontinuity,p textalign justify idea writing collection short stories mind post first ever halfserious attempt story better way kick things story ai might look like extrapolate current technology make sensible assumption might achieve much progress scaling supervised exotic approach slow morning merus sank chair relief listened satisfying crackling sound sinking th,http://karpathy.github.io/2015/11/14/ai/,"Sat, 14 Nov 2015 11:00:00 +0000",blog,20240128,short story ai cognitive discontinuity p textalign justify idea writing collection short stories mind post first ever halfserious attempt story better way kick things story ai might look like extrapolate current technology make sensible assumption might achieve much progress scaling supervised exotic approach slow morning merus sank chair relief listened satisfying crackling sound sinking th,"['short', 'story', 'ai', 'cognitive', 'discontinuity', 'p', 'textalign', 'justify', 'idea', 'writing', 'collection', 'short', 'stories', 'mind', 'post', 'first', 'ever', 'halfserious', 'attempt', 'story', 'better', 'way', 'kick', 'things', 'story', 'ai', 'might', 'look', 'like', 'extrapolate', 'current', 'technology', 'make', 'sensible', 'assumption', 'might', 'achieve', 'much', 'progress', 'scaling', 'supervised', 'exotic', 'approach', 'slow', 'morning', 'merus', 'sank', 'chair', 'relief', 'listened', 'satisfying', 'crackling', 'sound', 'sinking', 'th']","['short', 'story', 'ai', 'cognitive', 'discontinuity']"
69,What a Deep Neural Network thinks about your #selfie,deep neural network thinks selfie,convolutional neural networks great recognize things places people personal signs people lights selfdriving cars crops forests traffic aerial ry various anomalies medical kinds useful things powerful visual recognition also warped distraction fun amusement fun experiment going well take powerful 140millionparameter stateoftheart convolutional neural network feed 2 million selfies internet train classify good selfies bad ones easy process might lea,http://karpathy.github.io/2015/10/25/selfie/,"Sun, 25 Oct 2015 11:00:00 +0000",blog,20240128,deep neural network thinks selfie convolutional neural networks great recognize things places people personal signs people lights selfdriving cars crops forests traffic aerial ry various anomalies medical kinds useful things powerful visual recognition also warped distraction fun amusement fun experiment going well take powerful 140millionparameter stateoftheart convolutional neural network feed 2 million selfies internet train classify good selfies bad ones easy process might lea,"['deep', 'neural', 'network', 'thinks', 'selfie', 'convolutional', 'neural', 'networks', 'great', 'recognize', 'things', 'places', 'people', 'personal', 'signs', 'people', 'lights', 'selfdriving', 'cars', 'crops', 'forests', 'traffic', 'aerial', 'ry', 'various', 'anomalies', 'medical', 'kinds', 'useful', 'things', 'powerful', 'visual', 'recognition', 'also', 'warped', 'distraction', 'fun', 'amusement', 'fun', 'experiment', 'going', 'well', 'take', 'powerful', '140millionparameter', 'stateoftheart', 'convolutional', 'neural', 'network', 'feed', '2', 'million', 'selfies', 'internet', 'train', 'classify', 'good', 'selfies', 'bad', 'ones', 'easy', 'process', 'might', 'lea']","['deep', 'neural', 'network', 'thinks', 'selfie']"
70,Do you know if all your repositories have up-to-date dependencies?,know repositories uptodate dependencies,know repositories uptodate dependencies keeping repositories8217 dependencies date crucial maintaining quality security outdated dependencies expose project vulnerabilities compromise stability hinder overall performance order answer question created github action evergreen challenge,https://github.blog/2024-01-25-do-you-know-if-all-your-repositories-have-up-to-date-dependencies/,"Thu, 25 Jan 2024 22:28:44 +0000",blog,20240128,know repositories uptodate dependencies know repositories uptodate dependencies keeping repositories8217 dependencies date crucial maintaining quality security outdated dependencies expose project vulnerabilities compromise stability hinder overall performance order answer question created github action evergreen challenge,"['know', 'repositories', 'uptodate', 'dependencies', 'know', 'repositories', 'uptodate', 'dependencies', 'keeping', 'repositories8217', 'dependencies', 'date', 'crucial', 'maintaining', 'quality', 'security', 'outdated', 'dependencies', 'expose', 'project', 'vulnerabilities', 'compromise', 'stability', 'hinder', 'overall', 'performance', 'order', 'answer', 'question', 'created', 'github', 'action', 'evergreen', 'challenge']","['know', 'repositories', 'uptodate', 'dependencies']"
71,GitHub Fund 2024 and beyond: Looking to the future,github fund 2024 beyond looking future,fund news inaugural year github fund partnership m12 reviewed 350 open source startups across various developer tools domains devtools ai ai infrastructure security cloudnative infrastructure look ahead continue conviction excitement future open source developers power vision invest promising open source startups provide resources support,https://github.blog/2024-01-25-github-fund-2024-and-beyond-looking-to-the-future/,"Thu, 25 Jan 2024 20:36:35 +0000",blog,20240128,github fund 2024 beyond looking future fund news inaugural year github fund partnership m12 reviewed 350 open source startups across various developer tools domains devtools ai ai infrastructure security cloudnative infrastructure look ahead continue conviction excitement future open source developers power vision invest promising open source startups provide resources support,"['github', 'fund', '2024', 'beyond', 'looking', 'future', 'fund', 'news', 'inaugural', 'year', 'github', 'fund', 'partnership', 'm12', 'reviewed', '350', 'open', 'source', 'startups', 'across', 'various', 'developer', 'tools', 'domains', 'devtools', 'ai', 'ai', 'infrastructure', 'security', 'cloudnative', 'infrastructure', 'look', 'ahead', 'continue', 'conviction', 'excitement', 'future', 'open', 'source', 'developers', 'power', 'vision', 'invest', 'promising', 'open', 'source', 'startups', 'provide', 'resources', 'support']","['github', 'fund', '2024', 'beyond', 'looking', 'future']"
72,How GitHub’s Developer Experience team improved innerloop development,githubs developer experience team improved innerloop development,building confidence new code deploying crucial part good development loop especially challenging working distributed microservice system multiple teams operating different services modular team structure gives rise important question provide teams fast reliable development cycles testing shipping requires test inside ecosystem services optimizing solution problem greatly improves engineering efficiency contribute successful outcomes organization whole problem one developer experience dx team github grappled ultimately delivering solution call hubber codespace hcs hcs tool,https://github.blog/2024-01-24-how-githubs-developer-experience-team-improved-innerloop-development/,"Wed, 24 Jan 2024 23:21:49 +0000",blog,20240128,githubs developer experience team improved innerloop development building confidence new code deploying crucial part good development loop especially challenging working distributed microservice system multiple teams operating different services modular team structure gives rise important question provide teams fast reliable development cycles testing shipping requires test inside ecosystem services optimizing solution problem greatly improves engineering efficiency contribute successful outcomes organization whole problem one developer experience dx team github grappled ultimately delivering solution call hubber codespace hcs hcs tool,"['githubs', 'developer', 'experience', 'team', 'improved', 'innerloop', 'development', 'building', 'confidence', 'new', 'code', 'deploying', 'crucial', 'part', 'good', 'development', 'loop', 'especially', 'challenging', 'working', 'distributed', 'microservice', 'system', 'multiple', 'teams', 'operating', 'different', 'services', 'modular', 'team', 'structure', 'gives', 'rise', 'important', 'question', 'provide', 'teams', 'fast', 'reliable', 'development', 'cycles', 'testing', 'shipping', 'requires', 'test', 'inside', 'ecosystem', 'services', 'optimizing', 'solution', 'problem', 'greatly', 'improves', 'engineering', 'efficiency', 'contribute', 'successful', 'outcomes', 'organization', 'whole', 'problem', 'one', 'developer', 'experience', 'dx', 'team', 'github', 'grappled', 'ultimately', 'delivering', 'solution', 'call', 'hubber', 'codespace', 'hcs', 'hcs', 'tool']","['githubs', 'developer', 'experience', 'team', 'improved', 'innerloop', 'development']"
73,A guide to open source for the social sector,guide open source social sector,github believes breaking barriers anyone looking implement open source software large multinational corporations regional nonprofit organizations open source software adopted configured customized according needs company organization thats thrilled announce new guide open source nonprofits social sector organizations created open source guide social sectora hrefwhywecreatedanopensourceguideforthesocialsector classheadinglink pl2 textitalic textbold arialabelwhy created,https://github.blog/2024-01-23-a-guide-to-open-source-for-the-social-sector/,"Tue, 23 Jan 2024 20:00:55 +0000",blog,20240128,guide open source social sector github believes breaking barriers anyone looking implement open source software large multinational corporations regional nonprofit organizations open source software adopted configured customized according needs company organization thats thrilled announce new guide open source nonprofits social sector organizations created open source guide social sectora hrefwhywecreatedanopensourceguideforthesocialsector classheadinglink pl2 textitalic textbold arialabelwhy created,"['guide', 'open', 'source', 'social', 'sector', 'github', 'believes', 'breaking', 'barriers', 'anyone', 'looking', 'implement', 'open', 'source', 'software', 'large', 'multinational', 'corporations', 'regional', 'nonprofit', 'organizations', 'open', 'source', 'software', 'adopted', 'configured', 'customized', 'according', 'needs', 'company', 'organization', 'thats', 'thrilled', 'announce', 'new', 'guide', 'open', 'source', 'nonprofits', 'social', 'sector', 'organizations', 'created', 'open', 'source', 'guide', 'social', 'sectora', 'hrefwhywecreatedanopensourceguideforthesocialsector', 'classheadinglink', 'pl2', 'textitalic', 'textbold', 'arialabelwhy', 'created']","['guide', 'open', 'source', 'social', 'sector']"
74,"Yes, good DevEx increases productivity. Here is the data.",yes good devex increases productivity,wait finally back benefits developer experience devex weve always known providing good devex smart business move enables developers solve complex collaborate peers unleash creativity hear customers time despite benefits devex conversations usually end execs ask hard business gain improving anecdotal evidence havent satisfy questionuntil new published uses statistical analysis pinpoint key devex factorsflow state cognitive load feedback loo,https://github.blog/2024-01-23-good-devex-increases-productivity/,"Tue, 23 Jan 2024 17:00:46 +0000",blog,20240128,yes good devex increases productivity wait finally back benefits developer experience devex weve always known providing good devex smart business move enables developers solve complex collaborate peers unleash creativity hear customers time despite benefits devex conversations usually end execs ask hard business gain improving anecdotal evidence havent satisfy questionuntil new published uses statistical analysis pinpoint key devex factorsflow state cognitive load feedback loo,"['yes', 'good', 'devex', 'increases', 'productivity', 'wait', 'finally', 'back', 'benefits', 'developer', 'experience', 'devex', 'weve', 'always', 'known', 'providing', 'good', 'devex', 'smart', 'business', 'move', 'enables', 'developers', 'solve', 'complex', 'collaborate', 'peers', 'unleash', 'creativity', 'hear', 'customers', 'time', 'despite', 'benefits', 'devex', 'conversations', 'usually', 'end', 'execs', 'ask', 'hard', 'business', 'gain', 'improving', 'anecdotal', 'evidence', 'havent', 'satisfy', 'questionuntil', 'new', 'published', 'uses', 'statistical', 'analysis', 'pinpoint', 'key', 'devex', 'factorsflow', 'state', 'cognitive', 'load', 'feedback', 'loo']","['yes', 'good', 'devex', 'increases', 'productivity']"
75,How to get in the flow while coding (and why it’s important),get flow coding important,itrsquos dream ideas flowing time space fade away path ahead clear yoursquore moving speed thought every click make gold called flow flow state yoursquore flow block fully immersed yoursquore enjoy increased creativity innovation happiness ldquobeing flow magicalrdquo says hrefhttpsgithubcomlostintangen,https://github.blog/2024-01-22-how-to-get-in-the-flow-while-coding-and-why-its-important/,"Mon, 22 Jan 2024 19:46:30 +0000",blog,20240128,get flow coding important itrsquos dream ideas flowing time space fade away path ahead clear yoursquore moving speed thought every click make gold called flow flow state yoursquore flow block fully immersed yoursquore enjoy increased creativity innovation happiness ldquobeing flow magicalrdquo says hrefhttpsgithubcomlostintangen,"['get', 'flow', 'coding', 'important', 'itrsquos', 'dream', 'ideas', 'flowing', 'time', 'space', 'fade', 'away', 'path', 'ahead', 'clear', 'yoursquore', 'moving', 'speed', 'thought', 'every', 'click', 'make', 'gold', 'called', 'flow', 'flow', 'state', 'yoursquore', 'flow', 'block', 'fully', 'immersed', 'yoursquore', 'enjoy', 'increased', 'creativity', 'innovation', 'happiness', 'ldquobeing', 'flow', 'magicalrdquo', 'says', 'hrefhttpsgithubcomlostintangen']","['get', 'flow', 'coding', 'important']"
76,10 unexpected ways to use GitHub Copilot,10 unexpected ways use github copilot,writing code writing code there8217s commit messages write cli commands execute obscure syntax try remember you8217ve probably used github copilot support coding know also support workloads github copilot widely known ability developers write code ide today want show ai assistants abilities extend beyond code generation post well explore 10 use cases github copilot reduce friction developer workflow includes pull requests working command line debugging cicd workflows much lets get 1 run,https://github.blog/2024-01-22-10-unexpected-ways-to-use-github-copilot/,"Mon, 22 Jan 2024 17:30:07 +0000",blog,20240128,10 unexpected ways use github copilot writing code writing code there8217s commit messages write cli commands execute obscure syntax try remember you8217ve probably used github copilot support coding know also support workloads github copilot widely known ability developers write code ide today want show ai assistants abilities extend beyond code generation post well explore 10 use cases github copilot reduce friction developer workflow includes pull requests working command line debugging cicd workflows much lets get 1 run,"['10', 'unexpected', 'ways', 'use', 'github', 'copilot', 'writing', 'code', 'writing', 'code', 'there8217s', 'commit', 'messages', 'write', 'cli', 'commands', 'execute', 'obscure', 'syntax', 'try', 'remember', 'you8217ve', 'probably', 'used', 'github', 'copilot', 'support', 'coding', 'know', 'also', 'support', 'workloads', 'github', 'copilot', 'widely', 'known', 'ability', 'developers', 'write', 'code', 'ide', 'today', 'want', 'show', 'ai', 'assistants', 'abilities', 'extend', 'beyond', 'code', 'generation', 'post', 'well', 'explore', '10', 'use', 'cases', 'github', 'copilot', 'reduce', 'friction', 'developer', 'workflow', 'includes', 'pull', 'requests', 'working', 'command', 'line', 'debugging', 'cicd', 'workflows', 'much', 'lets', 'get', '1', 'run']","['10', 'unexpected', 'ways', 'use', 'github', 'copilot']"
77,Game Bytes · January 2024,game bytes january 2024,game bytes monthly series taking peek gamedev githubmdashfeaturing game engine updates game jam details open source games mods maps game game news vvvvvv 24 released video classwpvideoshortcode jsviewportawarevide,https://github.blog/2024-01-18-game-bytes-january-2024/,"Thu, 18 Jan 2024 21:37:57 +0000",blog,20240128,game bytes january 2024 game bytes monthly series taking peek gamedev githubmdashfeaturing game engine updates game jam details open source games mods maps game game news vvvvvv 24 released video classwpvideoshortcode jsviewportawarevide,"['game', 'bytes', 'january', '2024', 'game', 'bytes', 'monthly', 'series', 'taking', 'peek', 'gamedev', 'githubmdashfeaturing', 'game', 'engine', 'updates', 'game', 'jam', 'details', 'open', 'source', 'games', 'mods', 'maps', 'game', 'game', 'news', 'vvvvvv', '24', 'released', 'video', 'classwpvideoshortcode', 'jsviewportawarevide']","['game', 'bytes', 'january', '2024']"
78,Insider newsletter digest: Build from anywhere,insider newsletter digest build anywhere,abridged content augusts insider newsletter like see sign newsletter receive complete unabridged content inbox twice month sign gt newsletter well explore insider tips tricks use make github mobile creating managing issues issue composer customizing mobile experience shortcuts lets dive create manage issues fly issue composer img srchttpss,https://github.blog/2024-01-18-insider-newsletter-digest-build-from-anywhere/,"Thu, 18 Jan 2024 17:00:58 +0000",blog,20240128,insider newsletter digest build anywhere abridged content augusts insider newsletter like see sign newsletter receive complete unabridged content inbox twice month sign gt newsletter well explore insider tips tricks use make github mobile creating managing issues issue composer customizing mobile experience shortcuts lets dive create manage issues fly issue composer img srchttpss,"['insider', 'newsletter', 'digest', 'build', 'anywhere', 'abridged', 'content', 'augusts', 'insider', 'newsletter', 'like', 'see', 'sign', 'newsletter', 'receive', 'complete', 'unabridged', 'content', 'inbox', 'twice', 'month', 'sign', 'gt', 'newsletter', 'well', 'explore', 'insider', 'tips', 'tricks', 'use', 'make', 'github', 'mobile', 'creating', 'managing', 'issues', 'issue', 'composer', 'customizing', 'mobile', 'experience', 'shortcuts', 'lets', 'dive', 'create', 'manage', 'issues', 'fly', 'issue', 'composer', 'img', 'srchttpss']","['insider', 'newsletter', 'digest', 'build', 'anywhere']"
79,New data and visualizations highlight the resilience of international developer collaboration,new visualizations highlight resilience international developer collaboration,github innovation graph jumping point analysis insights building software together along releasing quarterly eight metricsgit pushes repositories developers organizations programming languages licenses topics economy collaboratorswere also exploring new features better visualize public software development activity github todays q3 2023 release invite explore new visualization feature stacked area charts economy collaborators stacked area charts make easier see economy collaborators metric git pushes,https://github.blog/2024-01-18-new-data-and-visualizations-highlight-the-resilience-of-international-developer-collaboration/,"Thu, 18 Jan 2024 16:00:33 +0000",blog,20240128,new visualizations highlight resilience international developer collaboration github innovation graph jumping point analysis insights building software together along releasing quarterly eight metricsgit pushes repositories developers organizations programming languages licenses topics economy collaboratorswere also exploring new features better visualize public software development activity github todays q3 2023 release invite explore new visualization feature stacked area charts economy collaborators stacked area charts make easier see economy collaborators metric git pushes,"['new', 'visualizations', 'highlight', 'resilience', 'international', 'developer', 'collaboration', 'github', 'innovation', 'graph', 'jumping', 'point', 'analysis', 'insights', 'building', 'software', 'together', 'along', 'releasing', 'quarterly', 'eight', 'metricsgit', 'pushes', 'repositories', 'developers', 'organizations', 'programming', 'languages', 'licenses', 'topics', 'economy', 'collaboratorswere', 'also', 'exploring', 'new', 'features', 'better', 'visualize', 'public', 'software', 'development', 'activity', 'github', 'todays', 'q3', '2023', 'release', 'invite', 'explore', 'new', 'visualization', 'feature', 'stacked', 'area', 'charts', 'economy', 'collaborators', 'stacked', 'area', 'charts', 'make', 'easier', 'see', 'economy', 'collaborators', 'metric', 'git', 'pushes']","['new', 'visualizations', 'highlight', 'resilience', 'international', 'developer', 'collaboration']"
